Name,Age,Count,Sex
james,59,4663035,Male
robert,72,4407377,Male
john,71,4403862,Male
michael,70,4340931,Male
david,72,3564313,Male
william,67,3524670,Male
richard,68,2439835,Male
joseph,58,2317860,Male
thomas,62,2143281,Male
charles,72,2060835,Male
christopher,42,2044437,Male
daniel,71,1900488,Male
matthew,45,1614109,Male
anthony,72,1407623,Male
mark,70,1348322,Male
donald,69,1323467,Male
steven,60,1283686,Male
paul,72,1263912,Male
andrew,71,1255723,Male
joshua,49,1226213,Male
kenneth,51,1212646,Male
kevin,58,1176784,Male
brian,51,1169267,Male
george,72,1110560,Male
timothy,48,1072620,Male
ronald,50,1072270,Male
edward,49,1060576,Male
jason,45,1041127,Male
jeffrey,50,976651,Male
ryan,69,947756,Male
jacob,42,941181,Male
gary,58,900277,Male
nicholas,34,896856,Male
eric,71,880874,Male
jonathan,65,853162,Male
stephen,71,838395,Male
larry,70,802063,Male
justin,41,781577,Male
scott,56,770208,Male
brandon,50,763634,Male
benjamin,45,749881,Male
samuel,70,717912,Male
gregory,68,707931,Male
alexander,66,683727,Male
frank,71,675530,Male
patrick,71,665520,Male
raymond,34,657165,Male
jack,71,635483,Male
dennis,72,610810,Male
jerry,69,601368,Male
tyler,64,594971,Male
aaron,44,588205,Male
jose,71,565276,Male
adam,67,557653,Male
nathan,43,554162,Male
henry,51,552869,Male
douglas,66,546783,Male
zachary,39,543288,Male
peter,64,537153,Male
kyle,44,482101,Male
ethan,51,453826,Male
walter,34,452806,Male
noah,52,445870,Male
jeremy,47,440663,Male
christian,63,434517,Male
keith,65,430900,Male
roger,70,427016,Male
terry,70,422105,Male
gerald,68,421918,Male
harold,66,421631,Male
sean,46,420553,Male
austin,41,418592,Male
carl,69,418263,Male
arthur,68,399784,Male
lawrence,67,396484,Male
dylan,51,390694,Male
jesse,38,387393,Male
jordan,59,386325,Male
bryan,43,383979,Male
billy,66,376747,Male
joe,70,376613,Male
bruce,69,375068,Male
gabriel,65,366152,Male
logan,35,359286,Male
albert,69,358151,Male
willie,61,354624,Male
alan,70,351694,Male
juan,71,349098,Male
wayne,69,335173,Male
elijah,48,329248,Male
randy,48,328337,Male
roy,47,326203,Male
vincent,69,323623,Male
ralph,47,321289,Male
eugene,65,316285,Male
russell,45,315198,Male
bobby,45,313130,Male
mason,36,312464,Male
philip,64,311366,Male
louis,66,308706,Male
mary,72,3124584,Female
patricia,72,1555054,Female
jennifer,47,1469031,Female
linda,62,1448283,Female
elizabeth,69,1411916,Female
barbara,71,1391959,Female
susan,72,1103018,Female
jessica,59,1047000,Female
sarah,70,989810,Female
karen,72,986072,Female
lisa,58,965015,Female
nancy,71,963833,Female
betty,71,906997,Female
margaret,69,892334,Female
sandra,71,873655,Female
ashley,55,851020,Female
kimberly,59,841144,Female
emily,60,835442,Female
donna,72,821223,Female
michelle,51,813153,Female
carol,70,804807,Female
amanda,60,773501,Female
dorothy,69,772958,Female
melissa,59,754784,Female
deborah,70,740223,Female
stephanie,67,738905,Female
rebecca,69,729447,Female
sharon,63,720831,Female
laura,69,714847,Female
cynthia,70,705778,Female
kathleen,69,683064,Female
amy,61,682347,Female
angela,70,659597,Female
shirley,70,657764,Female
anna,71,607022,Female
brenda,70,606299,Female
pamela,70,592699,Female
emma,68,591173,Female
nicole,56,590414,Female
helen,70,584461,Female
samantha,54,581626,Female
katherine,64,568258,Female
christine,71,558861,Female
debra,71,548281,Female
rachel,62,545873,Female
carolyn,69,539223,Female
janet,69,537105,Female
catherine,71,534876,Female
heather,50,524171,Female
diane,69,515112,Female
ruth,71,514443,Female
julie,51,506856,Female
olivia,69,498779,Female
joyce,69,497784,Female
virginia,68,496631,Female
victoria,70,489302,Female
kelly,64,471945,Female
lauren,40,471879,Female
christina,59,471224,Female
joan,70,465670,Female
evelyn,71,457188,Female
judith,70,449739,Female
megan,35,438147,Female
andrea,70,437735,Female
cheryl,70,436888,Female
hannah,56,435256,Female
jacqueline,44,420410,Female
martha,69,417402,Female
gloria,71,406375,Female
teresa,70,403870,Female
ann,67,402317,Female
sara,72,400065,Female
madison,71,399308,Female
frances,34,399109,Female
kathryn,66,398924,Female
janice,70,398820,Female
jean,29,390826,Female
abigail,58,388793,Female
alice,68,387931,Female
julia,69,378548,Female
judy,70,377609,Female
sophia,58,376519,Female
grace,46,376006,Female
denise,67,371271,Female
amber,51,371156,Female
doris,69,370008,Female
marilyn,69,369504,Female
danielle,53,369198,Female
beverly,68,368510,Female
isabella,57,365383,Female
theresa,67,364816,Female
diana,70,360717,Female
natalie,42,359738,Female
brittany,35,359143,Female
charlotte,68,357576,Female
marie,71,349383,Female
kayla,60,341740,Female
alexis,61,341562,Female
lori,64,337993,Female